,beta,mu,sigma
const,-0.7195140132470849,,
EMTHallmark,-0.5458459706095758,-0.2585499892139903,0.14345379131972946
GSE136689,0.5229509303518212,0.17862726880241395,0.16293899915146628
GSE162534,-0.23170154835494272,-0.02987814931481928,0.08608241807660467
GSE201257,1.3603452366594786,-0.22697948170582835,0.13996136787875177
GSE229103,1.062866306727481,0.15616117806822982,0.08273565356969269
HCAEmbryonicHindlimb,1.55402209943147,0.4566128958632952,0.19444686655987692
rRNAModifications,1.205927392846229,-0.01023844447048866,0.12620005453642202
