,beta,mu,sigma
const,-0.7100118594082844,,
GSE136689,0.32561923559367995,0.17862726880241395,0.16293899915146626
GSE162534,0.018056401503991758,-0.02987814931481929,0.08608241807660467
GSE229103,0.7571272611526092,0.15616117806822982,0.08273565356969267
HCAEmbryonicHindlimb,0.7985423927890415,0.4566128958632952,0.19444686655987692
rRNAModifications,1.1424954768584186,-0.01023844447048866,0.12620005453642205
