TermID	Name	Value	LogSize	Frequency	Uniqueness	Dispensability	Representative
"GO:0004866"	"endopeptidase inhibitor activity"	-1.6342919582712272	2.2528530309798933	0.9043336889701773	0.5380512128095915	-0	null
"GO:0030414"	"peptidase inhibitor activity"	-1.6376700820038652	2.292256071356476	0.9907026367931717	0.5361242298854023	0.93319645	4866
"GO:0061135"	"endopeptidase regulator activity"	-1.6342919582712272	2.287801729930226	0.9805415841081137	0.5363399578361799	0.94136823	4866
"GO:0005324"	"long-chain fatty acid transmembrane transporter activity"	-1.6342919582712272	1.2041199826559248	0.07620789513793629	0.7647924566938683	-0	null
"GO:0015245"	"fatty acid transmembrane transporter activity"	-1.6008387485073696	1.255272505103306	0.08636894782299447	0.76477489389143	0.86920606	5324
"GO:0008483"	"transaminase activity"	-1.6008387485073696	1.3979400086720377	0.12193263222069807	0.9247276575940534	0.26860674	null
"GO:0009008"	"DNA-methyltransferase activity"	-1.8196666281692417	0.9030899869919435	0.035563684397703604	0.9247276575940534	0	null
"GO:0098641"	"cadherin binding involved in cell-cell adhesion"	-1.6008387485073696	0.47712125471966244	0.010161052685058172	0.9947724716462967	0.00912502	null
