,mean,std
GSE162534,0.021222879261353148,0.1586039433033525
GSE229103,0.08358235554044956,0.12096960762142336
GSE136689,0.11809117400524784,0.1719401620910138
HCAEmbryonicHindlimb,0.4597207942603729,0.1806639877773787
rRNAModifications,-0.012902231132177882,0.11399938162652781
GSE201257,-0.18092043385331139,0.11964908335007597
EMTHallmark,-0.14775200023663962,0.1740721556556043
