TermID	Name	Value	LogSize	Frequency	Uniqueness	Dispensability	Representative
"GO:0003779"	"actin binding"	-3.38934408242501	2.59659709562646	2.00172737895646	0.9197531030738226	0	null
"GO:0050750"	"low-density lipoprotein particle receptor binding"	-1.34027516132154	1.380211241711606	0.11685210587816898	0.9350584299168898	0.09063662	null
"GO:0061575"	"cyclin-dependent protein serine/threonine kinase activator activity"	-1.5989083953149692	0.9542425094393249	0.04064421074023269	1	-0	null
"GO:1990837"	"sequence-specific double-stranded DNA binding"	-1.5989083953149692	2.936513742478893	4.384494233602601	0.3074528718743612	0.0400212	null
"GO:0000978"	"RNA polymerase II cis-regulatory region sequence-specific DNA binding"	-1.34027516132154	2.709269960975831	2.596148961032363	0.323196748293553	0.8570293	1990837
"GO:0000987"	"cis-regulatory region sequence-specific DNA binding"	-1.34027516132154	2.7299742856995555	2.72316211959559	0.3207182155579224	0.87374866	1990837
"GO:0003690"	"double-stranded DNA binding"	-1.34027516132154	2.9703468762300935	4.740131077579638	0.3895245565910459	0.66121316	1990837
"GO:0043565"	"sequence-specific DNA binding"	-1.34027516132154	3.000434077479319	5.080526342529086	0.3857955378374116	0.67737269	1990837
